House_ID,Area,Bedrooms,Age,Price_Category
H251,850,2,18,Affordable
H252,950,2,15,Affordable
H253,1100,2,12,Affordable
H254,1200,3,14,Affordable
H255,1250,3,10,Affordable
H256,1350,3,9,Affordable
H257,1400,3,11,Affordable
H258,1500,3,8,Expensive
H259,1550,3,7,Expensive
H2510,1600,3,6,Expensive
H2511,1700,3,5,Expensive
H2512,1800,4,8,Expensive
H2513,1850,4,6,Expensive
H2514,1950,4,5,Expensive
H2515,2000,4,4,Expensive
H2516,2100,4,7,Expensive
H2517,1150,2,20,Affordable
H2518,1300,3,16,Affordable
H2519,1450,3,13,Affordable
H2520,1750,4,10,Expensive